SUMLEV,REGION,DIVISION,STATE,NAME,CENSUS2010POP,ESTIMATESBASE2010,POPESTIMATE2010,POPESTIMATE2011,POPESTIMATE2012,POPESTIMATE2013,POPESTIMATE2014,POPESTIMATE2015,POPESTIMATE2016,POPESTIMATE2017,NPOPCHG_2010,NPOPCHG_2011,NPOPCHG_2012,NPOPCHG_2013,NPOPCHG_2014,NPOPCHG_2015,NPOPCHG_2016,NPOPCHG_2017,BIRTHS2010,BIRTHS2011,BIRTHS2012,BIRTHS2013,BIRTHS2014,BIRTHS2015,BIRTHS2016,BIRTHS2017,DEATHS2010,DEATHS2011,DEATHS2012,DEATHS2013,DEATHS2014,DEATHS2015,DEATHS2016,DEATHS2017,NATURALINC2010,NATURALINC2011,NATURALINC2012,NATURALINC2013,NATURALINC2014,NATURALINC2015,NATURALINC2016,NATURALINC2017,INTERNATIONALMIG2010,INTERNATIONALMIG2011,INTERNATIONALMIG2012,INTERNATIONALMIG2013,INTERNATIONALMIG2014,INTERNATIONALMIG2015,INTERNATIONALMIG2016,INTERNATIONALMIG2017,DOMESTICMIG2010,DOMESTICMIG2011,DOMESTICMIG2012,DOMESTICMIG2013,DOMESTICMIG2014,DOMESTICMIG2015,DOMESTICMIG2016,DOMESTICMIG2017,NETMIG2010,NETMIG2011,NETMIG2012,NETMIG2013,NETMIG2014,NETMIG2015,NETMIG2016,NETMIG2017,RESIDUAL2010,RESIDUAL2011,RESIDUAL2012,RESIDUAL2013,RESIDUAL2014,RESIDUAL2015,RESIDUAL2016,RESIDUAL2017,RBIRTH2011,RBIRTH2012,RBIRTH2013,RBIRTH2014,RBIRTH2015,RBIRTH2016,RBIRTH2017,RDEATH2011,RDEATH2012,RDEATH2013,RDEATH2014,RDEATH2015,RDEATH2016,RDEATH2017,RNATURALINC2011,RNATURALINC2012,RNATURALINC2013,RNATURALINC2014,RNATURALINC2015,RNATURALINC2016,RNATURALINC2017,RINTERNATIONALMIG2011,RINTERNATIONALMIG2012,RINTERNATIONALMIG2013,RINTERNATIONALMIG2014,RINTERNATIONALMIG2015,RINTERNATIONALMIG2016,RINTERNATIONALMIG2017,RDOMESTICMIG2011,RDOMESTICMIG2012,RDOMESTICMIG2013,RDOMESTICMIG2014,RDOMESTICMIG2015,RDOMESTICMIG2016,RDOMESTICMIG2017,RNETMIG2011,RNETMIG2012,RNETMIG2013,RNETMIG2014,RNETMIG2015,RNETMIG2016,RNETMIG2017
10,0,0,0,United States,308745538,308758105,309338421,311644280,313993272,316234505,318622525,321039839,323405935,325719178,580316,2305859,2348992,2241233,2388020,2417314,2366096,2313243,987836,3973485,3936976,3940576,3963195,3992376,3962714,3946000,598691,2512442,2501531,2608019,2582448,2699826,2728714,2744040,389145,1461043,1435445,1332557,1380747,1292550,1234000,1201960,191171,844816,913547,908676,1007273,1124764,1132096,1111283,0,0,0,0,0,0,0,0,191171,844816,913547,908676,1007273,1124764,1132096,1111283,0,0,0,0,0,0,0,0,12.79740963,12.58548496,12.5052438,12.485315,12.48276036,12.29805256,12.15790276,8.091826056,7.996741858,8.276433046,8.135526199,8.441409568,8.468405287,8.454579695,4.705583578,4.5887431,4.228810753,4.349788802,4.04135079,3.829647272,3.70332306,2.720900272,2.920371378,2.883643131,3.173227837,3.51674278,3.513394131,3.423940864,0,0,0,0,0,0,0,2.720900272,2.920371378,2.883643131,3.173227837,3.51674278,3.513394131,3.423940864
20,1,0,0,Northeast Region,55317240,55318350,55388349,55642659,55860261,56047732,56203078,56296628,56359360,56470581,69999,254310,217602,187471,155346,93550,62732,111221,163452,646252,637891,635767,632435,634515,625336,621245,110732,470885,460988,479828,470012,488936,488935,493164,52720,175367,176903,155939,162423,145579,136401,128081,53255,242627,247800,252246,269864,292452,299191,297343,-32698,-161133,-204362,-218345,-274513,-343298,-372840,-313643,20557,81494,43438,33901,-4649,-50846,-73649,-16300,-3278,-2551,-2739,-2369,-2428,-1183,-20,-560,11.64092827,11.44169139,11.36231618,11.26824831,11.28029615,11.10169128,11.01205929,8.482044944,8.268626508,8.575401759,8.37431819,8.692218271,8.68014224,8.741722199,3.158883327,3.173064885,2.786914425,2.89393012,2.588077875,2.421549044,2.270337091,4.37043677,4.444726649,4.508096218,4.808232564,5.199160254,5.311586278,5.270639998,-2.902486484,-3.665590103,-3.902223499,-4.891064929,-6.103091505,-6.619088903,-5.559570398,1.467950287,0.779136546,0.605872719,-0.082832364,-0.903931251,-1.307502625,-0.2889304
20,2,0,0,Midwest Region,66927001,66929794,66973360,67141501,67318295,67534451,67720120,67839187,67978168,68179351,43566,168141,176794,216156,185669,119067,138981,201183,212614,834915,830701,830859,836503,837962,829016,822534,140814,586823,584818,605237,597104,626496,610756,607187,71800,248092,245883,225622,239399,211466,218260,215347,23611,104806,114977,115082,131251,144681,145770,143872,-50698,-184438,-182926,-123197,-182139,-234418,-224594,-156897,-27087,-79632,-67949,-8115,-50888,-89737,-78824,-13025,-1147,-319,-1140,-1351,-2842,-2662,-455,-1139,12.45074548,12.35612465,12.3224632,12.36931209,12.36303163,12.20780658,12.08209442,8.751051086,8.69877863,8.976265118,8.829335609,9.243127807,8.993784336,8.91889048,3.699694399,3.657346022,3.346198082,3.539976479,3.119903822,3.214022243,3.163203936,1.562928958,1.710206373,1.706780224,1.940799472,2.134578631,2.146559252,2.113317003,-2.750448364,-2.720902537,-1.827133724,-2.693276814,-3.458530516,-3.307294565,-2.304639526,-1.187519405,-1.010696164,-0.1203535,-0.752477341,-1.323951885,-1.160735313,-0.191322523
20,3,0,0,South Region,114555744,114563024,114869241,116060993,117291728,118422269,119699966,121081238,122423457,123658624,306217,1191752,1230735,1130541,1277697,1381272,1342219,1235167,368759,1509600,1504946,1504791,1525280,1545726,1545780,1538511,228757,962707,960547,1011167,1006140,1052366,1069876,1080064,140002,546893,544399,493624,519140,493360,475904,458447,71191,304141,343244,337474,378021,427161,428705,418768,90359,336031,337183,294485,374125,456044,437419,356884,161550,640172,680427,631959,752146,883205,866124,775652,4665,4687,5909,4958,6411,4707,191,1068,13.07407847,12.89846541,12.76793928,12.81089941,12.839258,12.69610017,12.50404738,8.337643654,8.232575955,8.579609297,8.45061781,8.741263708,8.787313115,8.778079213,4.736434814,4.665889454,4.188329979,4.360281601,4.097994294,3.908787056,3.725968166,2.63405094,2.941846991,2.863419265,3.175016394,3.548125791,3.521123073,3.403482271,2.91023825,2.889899878,2.498663667,3.142293705,3.788036545,3.592694589,2.900528137,5.54428919,5.831746869,5.362082931,6.317310099,7.336162336,7.113817662,6.304010409
20,4,0,0,West Region,71945553,71946937,72107471,72799127,73522988,74230053,74999361,75822786,76644950,77410622,160534,691656,723861,707065,769308,823425,822164,765672,243011,982718,963438,969159,968977,974173,962582,963710,118388,492027,495178,511787,509192,532028,559147,563625,124623,490691,468260,457372,459785,442145,403435,400085,43114,193242,207526,203874,228137,260470,258430,251300,-6963,9540,50105,47057,82527,121672,160015,113656,36151,202782,257631,250931,310664,382142,418445,364956,-240,-1817,-2030,-1238,-1141,-862,284,631,13.56346797,13.16872709,13.11863355,12.98640763,12.91816911,12.62669763,12.51119953,6.790953715,6.768327536,6.927600225,6.824284655,7.055038144,7.334627177,7.317164744,6.772514251,6.400399557,6.19103332,6.162122971,5.863130963,5.292070448,5.194034786,2.66712493,2.836563701,2.759658937,3.057533952,3.454002017,3.389963107,3.262459082,0.131671023,0.684858881,0.636968277,1.106042003,1.613450046,2.099001457,1.475519496,2.798795953,3.521422582,3.396627214,4.163575956,5.067452063,5.488964564,4.737978578
40,3,6,1,Alabama,4779736,4780135,4785579,4798649,4813946,4827660,4840037,4850858,4860545,4874747,5444,13070,15297,13714,12377,10821,9687,14202,14227,59689,59069,57936,58908,59638,59095,58389,11086,48817,48362,50852,49693,51818,52077,52390,3141,10872,10707,7084,9215,7820,7018,5999,1086,4481,4509,3931,4100,4825,4678,4475,1227,-2321,6,2646,-744,-1537,-1964,3840,2313,2160,4515,6577,3356,3288,2714,8315,-10,38,75,53,-194,-287,-45,-112,12.45567196,12.28991755,12.01791486,12.18656315,12.30804792,12.17022916,11.99532587,10.18694463,10.06221525,10.54845012,10.28021462,10.69416189,10.72491791,10.76290264,2.26872733,2.227702301,1.469464734,1.906348534,1.613886024,1.445311249,1.232423229,0.935077922,0.938144174,0.815424318,0.848185457,0.99578006,0.963403537,0.919335547,-0.484337393,0.001248362,0.548871215,-0.153914629,-0.317204964,-0.404472969,0.788882347,0.450740529,0.939392537,1.364295533,0.694270828,0.678575096,0.558930569,1.708217894
40,4,9,2,Alaska,710231,710249,714015,722259,730825,736760,736759,737979,741522,739795,3766,8244,8566,5935,-1,1220,3543,-1727,2893,11703,11123,11342,11449,11335,11220,11163,919,3936,3931,4047,4038,4360,4459,4543,1974,7767,7192,7295,7411,6975,6761,6620,542,1440,2558,2168,1953,2303,1882,1557,1159,-998,-1263,-3544,-9590,-8196,-5122,-9938,1701,442,1295,-1376,-7637,-5893,-3240,-8381,91,35,79,16,225,138,22,34,16.29633343,15.30950723,15.45668564,15.53967068,15.37222205,15.16727599,15.07172334,5.480848362,5.410561261,5.515183107,5.480757289,5.912914701,6.027707991,6.133730998,10.81548507,9.898945966,9.941502537,10.05891339,9.459307348,9.139568003,8.937992341,2.005188425,3.520787511,2.954513708,2.650797173,3.123266641,2.544101018,2.102183395,-1.389706978,-1.738371629,-4.82970322,-13.01645924,-11.1151947,-6.923956118,-13.41778971,0.615481447,1.782415882,-1.875189512,-10.36566206,-7.991928058,-4.3798551,-11.31560632
40,4,8,4,Arizona,6392017,6392309,6407002,6465488,6544211,6616124,6706435,6802262,6908642,7016270,14693,58486,78723,71913,90311,95827,106380,107628,20942,86103,85579,86100,86124,86766,85201,85634,11484,48160,48753,50602,50244,52857,57115,57553,9458,37943,36826,35498,35880,33909,28086,28081,1972,10034,11316,11859,14066,16392,16525,16205,3439,10415,30173,24320,39890,45205,61737,63111,5411,20449,41489,36179,53956,61597,78262,79316,-176,94,408,236,475,321,32,231,13.37783133,13.15618447,13.0847733,12.92904764,12.84594658,12.42821042,12.2993955,7.482623797,7.494869789,7.690077798,7.542695063,7.825625225,8.331325199,8.266192275,5.895207532,5.661314685,5.3946955,5.386352577,5.020321353,4.096885224,4.033203226,1.558983538,1.739625183,1.802233758,2.111606336,2.426880994,2.41049022,2.32748329,1.618179544,4.638539293,3.695954548,5.988339027,6.692725435,9.005533114,9.064473801,3.177163082,6.378164476,5.498188306,8.099945363,9.119606428,11.41602333,11.39195709
40,3,7,5,Arkansas,2915918,2916031,2921737,2938640,2949208,2956780,2964800,2975626,2988231,3004279,5706,16903,10568,7572,8020,10826,12605,16048,9439,38441,38600,37977,38230,38784,38497,38236,6967,29467,29764,30944,29939,31336,30603,30395,2472,8974,8836,7033,8291,7448,7894,7841,578,2248,2622,2515,3043,3554,3579,3499,2449,5438,-1050,-2045,-3292,-155,1159,4718,3027,7686,1572,470,-249,3399,4738,8217,207,243,160,69,-22,-21,-27,-10,13.11895122,13.11175153,12.860507,12.91209441,13.0576494,12.91010163,12.76126364,10.05634962,10.11031535,10.47885637,10.11182826,10.55008513,10.26282153,10.14433017,3.062601604,3.001436178,2.381650623,2.800266145,2.507564272,2.647280108,2.616933472,0.767186138,0.890647992,0.851677992,1.027766238,1.196547184,1.200229985,1.167791126,1.855853301,-0.356666816,-0.692517492,-1.111865414,-0.05218481,0.388674645,1.574632333,2.623039439,0.533981176,0.1591605,-0.084099176,1.144362374,1.58890463,2.742423459
40,4,9,6,California,37253956,37254518,37327690,37672654,38019006,38347383,38701278,39032444,39296476,39536653,73172,344964,346352,328377,353895,331166,264032,240177,123307,509764,497433,499627,498911,500352,488905,487916,57293,238428,239563,247767,243999,253579,271039,273977,66014,271336,257870,251860,254912,246773,217866,213939,28263,130365,132141,131825,148288,167976,168351,164867,-20745,-54626,-40756,-53076,-46330,-80859,-122123,-138195,7518,75739,91385,78749,101958,87117,46228,26672,-360,-2111,-2903,-2232,-2975,-2724,-62,-434,13.59364432,13.14366735,13.08499738,12.95054303,12.87348623,12.48338417,12.37845069,6.358050838,6.329970832,6.488901813,6.333633754,6.524298425,6.920534587,6.950808714,7.235593479,6.813696516,6.596095568,6.61690928,6.349187808,5.562849584,5.427641975,3.476384055,3.491560365,3.452435076,3.849203817,4.321830878,4.298565587,4.182683146,-1.456686652,-1.076895394,-1.390035608,-1.202616617,-2.080409838,-3.118209724,-3.506013316,2.019697403,2.414664971,2.062399467,2.6465872,2.24142104,1.180355864,0.67666983
40,4,8,8,Colorado,5029196,5029325,5048029,5116411,5186330,5262556,5342311,5440445,5530105,5607154,18704,68382,69919,76226,79755,98134,89660,77049,16789,65919,64742,64734,65723,66345,66953,67638,7842,32017,32727,33582,33934,36264,36975,37427,8947,33902,32015,31152,31789,30081,29978,30211,1747,7759,9764,8698,9170,11000,10495,9973,7136,26056,27570,35698,38071,56245,49056,36653,8883,33815,37334,44396,47241,67245,59551,46626,874,665,570,678,725,808,131,212,12.97051289,12.56791761,12.39060317,12.39487492,12.30575931,12.20595139,12.14625609,6.29980599,6.353066626,6.427862262,6.39970308,6.726295207,6.740774164,6.721043302,6.670706896,6.21485098,5.962740909,5.99517184,5.5794641,5.465177225,5.425212793,1.526695027,1.895417928,1.664866475,1.729394626,2.040294708,1.913304256,1.790925397,5.126893366,5.35197381,6.832881515,7.179910884,10.4323978,8.943216156,6.582050395,6.653588393,7.247391738,8.49774799,8.90930551,12.47269251,10.85652041,8.372975792
40,1,1,9,Connecticut,3574097,3574114,3580171,3591927,3597705,3602470,3600188,3593862,3587685,3588184,6057,11756,5778,4765,-2282,-6326,-6177,499,9492,37642,36850,36138,36158,36324,35332,35183,6832,29328,29086,29783,29674,30355,30380,30245,2660,8314,7764,6355,6484,5969,4952,4938,3537,15927,15424,15474,16228,17668,17932,17758,113,-12363,-17375,-16987,-25157,-30129,-29108,-22270,3650,3564,-1951,-1513,-8929,-12461,-11176,-4512,-253,-122,-35,-77,163,166,47,73,10.49678909,10.25087237,10.03808935,10.04018239,10.09834516,9.83966268,9.80592037,8.178360084,8.091095622,8.272854479,8.239735942,8.438918273,8.460572632,8.429641065,2.318429001,2.159776745,1.765234873,1.800446446,1.659426888,1.379090048,1.376279305,4.441378241,4.290622942,4.298228863,4.506114271,4.911836865,4.993910087,4.949365715,-3.447526791,-4.833348911,-4.718496425,-6.98547675,-8.376088573,-8.106331407,-6.206913755,0.99385145,-0.54272597,-0.420267563,-2.47936248,-3.464251708,-3.112421321,-1.257548041
40,3,5,10,Delaware,897934,897936,899712,907884,916868,925114,934805,944107,952698,961939,1776,8172,8984,8246,9691,9302,8591,9241,2848,11301,11155,10889,10982,11026,11104,11010,1843,7870,7692,8093,8081,8532,8747,9005,1005,3431,3463,2796,2901,2494,2357,2005,479,2013,2342,2182,2503,2771,2792,2722,277,2774,3241,3316,4255,4043,3434,4484,756,4787,5583,5498,6758,6814,6226,7206,15,-46,-62,-48,32,-6,8,30,12.50390021,12.22631897,11.82313399,11.80911642,11.73657947,11.70810916,11.50087458,8.707697959,8.430734697,8.787273708,8.689625731,9.081851625,9.222877418,9.406482795,3.796202249,3.795584277,3.035860285,3.119490688,2.654727843,2.485231745,2.094391783,2.227267597,2.566924163,2.369187104,2.691515061,2.949579331,2.943897765,2.84335882,3.069269903,3.552263541,3.600469494,4.575468072,4.303554397,3.620825546,4.683916586,5.296537501,6.119187703,5.969656598,7.266983132,7.253133729,6.564723311,7.527275405
40,3,5,11,District of Columbia,601723,601766,605040,620336,635630,650114,660797,672736,684336,693972,3274,15296,15294,14484,10683,11939,11600,9636,2246,9199,9231,9446,9334,9652,9589,9715,1180,4671,4542,4811,4650,4892,5181,5422,1066,4528,4689,4635,4684,4760,4408,4293,657,3020,3470,3629,3784,4190,4215,4160,1335,7413,6879,6026,2125,2910,2947,1152,1992,10433,10349,9655,5909,7100,7162,5312,216,335,256,194,90,79,30,31,15.01416708,14.6994425,14.6934382,14.24047857,14.47583224,14.13189573,14.09699429,7.623782415,7.232679866,7.483604823,7.094303122,7.336901299,7.635556551,7.867617398,7.390384666,7.466762635,7.209833373,7.146175446,7.138930945,6.496339177,6.229376888,4.929099313,5.525627286,5.644980649,5.773084519,6.284058962,6.211903274,6.036386642,12.09914345,10.95411819,9.373561144,3.242020244,4.364346439,4.343174128,1.671614762,17.02824276,16.47974547,15.01854179,9.015104763,10.6484054,10.5550774,7.708001405
40,3,5,12,Florida,18801310,18804594,18846461,19097369,19341327,19584927,19897747,20268567,20656589,20984400,41867,250908,243958,243600,312820,370820,388022,327811,50876,213213,214012,212995,218338,221755,225401,225447,41783,174503,173747,181650,181070,190993,199809,203428,9093,38710,40265,31345,37268,30762,25592,22019,23178,105218,110756,112232,128941,141024,145327,144165,10205,105696,91745,99228,144017,196560,216956,160854,33383,210914,202501,211460,272958,337584,362283,305019,-609,1284,1192,795,2594,2474,147,773,11.2383489,11.13523726,10.94351386,11.05993986,11.04183969,11.01527872,10.82812899,9.197964465,9.040213019,9.333032662,9.172124462,9.510108396,9.764605418,9.770565248,2.040384431,2.095024243,1.610481194,1.8878154,1.531731291,1.250673302,1.057563739,5.545987319,5.762734511,5.766390981,6.531523169,7.022003563,7.10208655,6.924187127,5.571182456,4.773575045,5.098255794,7.295199915,9.78730585,10.60257412,7.725753104,11.11716977,10.53630956,10.86464678,13.82672308,16.80930941,17.70466067,14.64994023
40,3,5,13,Georgia,9687653,9688690,9712696,9810595,9911171,9981773,10083850,10199533,10313620,10429379,24006,97899,100576,70602,102077,115683,114087,115759,32499,132615,131873,128658,129559,131674,131268,130814,17209,71112,70413,74819,74839,78527,80957,82029,15290,61503,61460,53839,54720,53147,50311,48785,5132,20214,23842,21499,23849,27436,26824,25870,2828,15349,14474,-5392,23308,34908,36954,41107,7960,35563,38316,16107,47157,62344,63778,66977,756,833,800,656,200,192,-2,-3,13.58531203,13.37334598,12.93503868,12.91352878,12.98343575,12.79842255,12.61283385,7.284837377,7.14063842,7.522164643,7.459424509,7.742988435,7.893179561,7.909078143,6.300474649,6.232707558,5.412874032,5.454104266,5.240447316,4.905242992,4.703755711,2.070757435,2.417836212,2.161469916,2.377100377,2.705268643,2.615297609,2.494335559,1.572378345,1.46781987,-0.542101762,2.323177307,3.44202937,3.602956601,3.963457743,3.643135781,3.885656082,1.619368154,4.700277684,6.147298012,6.21825421,6.457793302
40,4,9,15,Hawaii,1360301,1360301,1363817,1378323,1392772,1408038,1417710,1426320,1428683,1427538,3516,14506,14449,15266,9672,8610,2363,-1145,4645,19154,18896,19036,18955,18215,18355,18019,2528,10079,10243,10347,10738,11069,12089,12303,2117,9075,8653,8689,8217,7146,6266,5716,1847,6575,8995,7442,7205,8316,7522,6703,-361,-957,-3030,-723,-5682,-6771,-11395,-13537,1486,5618,5965,6719,1523,1545,-3873,-6834,-87,-187,-169,-142,-68,-81,-30,-27,13.97011094,13.63793013,13.59321054,13.41591678,12.80928823,12.8581301,12.617371,7.351192864,7.392745467,7.388576876,7.600111546,7.784024782,8.46864259,8.614879591,6.618918071,6.245184665,6.20463366,5.815805231,5.025263447,4.389487507,4.002491404,4.795524663,6.492018498,5.31417697,5.099534707,5.848039578,5.269346477,4.693614395,-0.697994997,-2.186861151,-0.516279219,-4.021590036,-4.761553148,-7.982478477,-9.478958386,4.097529667,4.305157348,4.797897751,1.077944672,1.08648643,-2.713132,-4.785343991
40,4,8,16,Idaho,1567582,1567650,1570912,1583180,1594673,1610187,1630391,1649324,1680026,1716943,3262,12268,11493,15514,20204,18933,30702,36917,5968,22953,22363,22702,22434,23036,22862,22981,2569,11884,11898,12301,12540,12890,12720,12653,3399,11069,10465,10401,9894,10146,10142,10328,284,856,1426,1280,1722,2011,1977,1928,-379,219,-499,3703,8396,6716,18579,24597,-95,1075,927,4983,10118,8727,20556,26525,-42,124,101,130,192,60,4,64,14.55442644,14.07428223,14.16723351,13.84567815,14.04756206,13.73361167,13.53029716,7.535607712,7.488074496,7.676466367,7.739360077,7.860439093,7.641131152,7.44958226,7.018818728,6.586207732,6.490767147,6.10631807,6.187122967,6.092480514,6.080714896,0.542786957,0.897461273,0.798786843,1.062773369,1.226326068,1.187619205,1.135129582,0.138867224,-0.31404851,2.310865373,5.181791643,4.095477808,11.16073708,14.48173357,0.681654181,0.583412763,3.109652216,6.244565013,5.321803876,12.34835629,15.61686315
40,2,3,17,Illinois,12830632,12831565,12841196,12862298,12878494,12890403,12882438,12862051,12835726,12802023,9631,21102,16196,11909,-7965,-20387,-26325,-33703,41833,162427,160151,157510,157522,159246,156140,153991,24059,101616,101292,104307,102710,107597,106734,106830,17774,60811,58859,53203,54812,51649,49406,47161,5619,26356,27463,27034,30546,34192,34142,33699,-13384,-66181,-70084,-68204,-93704,-106544,-109941,-114779,-7765,-39825,-42621,-41170,-63158,-72352,-75799,-81080,-378,116,-42,-124,381,316,68,216,12.63851522,12.44336227,12.22481506,12.22387551,12.37126905,12.15202389,12.01283311,7.906784969,7.870154112,8.095573513,7.970405746,8.358837497,8.306866388,8.333804969,4.731730247,4.573208159,4.129241543,4.253469767,4.012431554,3.845157501,3.679028139,2.050771775,2.133811578,2.09818837,2.370402239,2.656257811,2.657194823,2.628857939,-5.149572272,-5.445364696,-5.293513339,-7.271530523,-8.277033582,-8.556459961,-8.953906211,-3.098800498,-3.311553118,-3.195324969,-4.901128285,-5.620775771,-5.899265139,-6.325048272
40,2,3,18,Indiana,6483802,6484125,6490029,6515358,6535665,6567484,6593182,6610596,6634007,6666818,5904,25329,20307,31819,25698,17414,23411,32811,20958,83465,83079,83368,83523,84168,83536,83021,13868,57896,58622,60716,59866,62949,61056,60476,7090,25569,24457,22652,23657,21219,22480,22545,1945,8582,9067,9037,10087,11204,11461,11410,-3072,-8616,-13002,417,-7460,-14675,-10480,-976,-1127,-34,-3935,9454,2627,-3471,981,10434,-59,-206,-215,-287,-586,-334,-50,-168,12.83545042,12.73141577,12.7248801,12.69282269,12.74907833,12.61434563,12.48358654,8.903387496,8.983510335,9.26739061,9.097715876,9.534998241,9.219755398,9.093571263,3.932062921,3.747905432,3.457489494,3.595106813,3.214080091,3.394590234,3.390015281,1.319760804,1.389469622,1.379363083,1.532901147,1.69709003,1.730667201,1.71568305,-1.324989406,-1.992487485,0.063648822,-1.133681229,-2.222848642,-1.58253139,-0.146757814,-0.005228603,-0.603017863,1.443011905,0.399219918,-0.525758612,0.148135811,1.568925236
40,2,4,19,Iowa,3046355,3046869,3050223,3063690,3074386,3089876,3105563,3118473,3130869,3145711,3354,13467,10696,15490,15687,12910,12396,14842,9966,37853,38479,38804,39459,39694,39229,39076,6872,28207,28047,29141,28927,29809,28408,28310,3094,9646,10432,9663,10532,9885,10821,10766,920,4358,4769,5432,6122,6724,6876,6836,-556,-541,-4489,360,-905,-3560,-5280,-2724,364,3817,280,5792,5217,3164,1596,4112,-104,4,-16,35,-62,-139,-21,-36,12.38257725,12.53780501,12.5899905,12.73808039,12.75506761,12.55460175,12.45136683,9.227151253,9.138694275,9.454822005,9.338159895,9.578672103,9.091517155,9.020836188,3.155425993,3.399110731,3.135168492,3.39992049,3.176395509,3.463084594,3.430530639,1.42560092,1.55390712,1.762416977,1.97629256,2.160655883,2.200551674,2.178256312,-0.176973405,-1.46267332,0.116802303,-0.292150403,-1.143952252,-1.6897779,-0.867988618,1.248627516,0.0912338,1.87921928,1.684142157,1.016703631,0.510773774,1.310267694
40,2,4,20,Kansas,2853118,2853130,2858403,2868756,2885316,2892900,2899553,2905789,2907731,2913123,5273,10353,16560,7584,6653,6236,1942,5392,9990,40125,39579,39723,39293,38999,38779,38205,6002,25180,24971,25596,25502,26558,25341,24821,3988,14945,14608,14127,13791,12441,13438,13384,1145,4428,6305,5232,5887,6851,6540,6198,202,-9045,-4420,-11786,-13002,-12959,-17998,-14150,1347,-4617,1885,-6554,-7115,-6108,-11458,-7952,-62,25,67,11,-23,-97,-38,-40,14.012183,13.75686644,13.74922641,13.56696377,13.43555642,13.3409707,13.12693979,8.793190481,8.67941868,8.859481889,8.805250556,9.149504026,8.717954011,8.528301861,5.218992523,5.077447762,4.889744516,4.761713216,4.286052398,4.623016692,4.598637932,1.54631642,2.191491521,1.81093957,2.032644892,2.360239931,2.249927755,2.129584422,-3.15863415,-1.536303334,-4.079459819,-4.489289771,-4.464508723,-6.191773659,-4.861829553,-1.61231773,0.655188187,-2.268520249,-2.456644879,-2.104268792,-3.941845904,-2.732245131
40,3,6,21,Kentucky,4339367,4339340,4347948,4368505,4383673,4399121,4410415,4422057,4436113,4454189,8608,20557,15168,15448,11294,11642,14056,18076,13696,55318,55291,56047,55757,55946,55619,54895,10542,42423,42786,44424,43684,46370,45347,44749,3154,12895,12505,11623,12073,9576,10272,10146,1193,4280,6136,5889,6653,7493,7286,7014,4092,3497,-3361,-2008,-7136,-5252,-3449,1024,5285,7777,2775,3881,-483,2241,3837,8038,169,-115,-112,-56,-296,-175,-53,-108,12.69277767,12.63479788,12.76290893,12.65832843,12.66825414,12.55767275,12.34941175,9.734005335,9.777223452,10.116143,9.917434925,10.49989176,10.23845783,10.06692461,2.958772336,2.857574423,2.646765938,2.740893505,2.168362379,2.319214917,2.282487142,0.982050841,1.402165267,1.341031112,1.510408721,1.696693746,1.645035036,1.577899154,0.802390605,-0.768037396,-0.457257679,-1.620062623,-1.189248038,-0.778716146,0.230363378,1.784441447,0.634127871,0.883773433,-0.109653902,0.507445707,0.86631889,1.808262532
40,3,7,22,Louisiana,4533372,4533478,4544871,4574388,4602681,4626795,4648797,4671211,4686157,4684333,11393,29517,28293,24114,22002,22414,14946,-1824,14574,62300,62273,62528,64205,64394,64229,63066,9179,40755,40741,43787,43575,43963,44274,45049,5395,21545,21532,18741,20630,20431,19955,18017,1558,5702,6811,6531,7046,7992,7950,7696,4078,1887,-216,-1406,-5645,-5955,-12929,-27515,5636,7589,6595,5125,1401,2037,-4979,-19819,362,383,166,248,-29,-54,-30,-22,13.66339085,13.5714355,13.54963164,13.84386032,13.81844307,13.72800557,13.46055543,8.938226231,8.878869713,9.488512674,9.395626716,9.434112074,9.46291735,9.615078827,4.725164621,4.692565785,4.061118963,4.448233601,4.384331001,4.265088217,3.845476597,1.250540203,1.484351921,1.415248276,1.519256129,1.715019987,1.699195757,1.642603535,0.413849415,-0.047073853,-0.304676018,-1.217172985,-1.277895899,-2.763383892,-5.872691823,1.664389618,1.437278068,1.110572258,0.302083145,0.437124088,-1.064188135,-4.230088288
40,1,1,23,Maine,1328361,1328362,1327568,1327968,1328101,1327975,1328903,1327787,1330232,1335907,-794,400,133,-126,928,-1116,2445,5675,3440,12625,12802,12871,12700,12652,12556,12504,3099,13031,12751,13403,13354,14177,14069,13739,341,-406,51,-532,-654,-1525,-1513,-1235,243,1010,1071,1349,1422,1556,1586,1578,-1317,-100,-834,-828,307,-1038,2402,5376,-1074,910,237,521,1729,518,3988,6954,-61,-104,-155,-115,-147,-109,-30,-44,9.508438221,9.639809809,9.691740748,9.56009271,9.524634037,9.447637508,9.379856039,9.814214532,9.601407192,10.0923317,10.05239985,10.67267916,10.58607933,10.30628936,-0.30577631,0.038402617,-0.400590947,-0.492307136,-1.148045124,-1.138441825,-0.926433318,0.760675058,0.806454953,1.015784187,1.070429278,1.171382435,1.19336995,1.183734231,-0.075314362,-0.627995734,-0.623476135,0.231098304,-0.781423501,1.807361046,4.03279799,0.685360696,0.178459219,0.392308051,1.301527582,0.389958934,3.000730996,5.216532221
40,3,5,24,Maryland,5773552,5773807,5788099,5843115,5891680,5932654,5970245,6000561,6024752,6052177,14292,55016,48565,40974,37591,30316,24191,27425,18454,73542,72720,72362,72756,74160,73099,72422,10627,43668,43462,45736,44743,47153,48888,49928,7827,29874,29258,26626,28013,27007,24211,22494,6049,25489,26203,25661,26565,29426,29577,29031,838,126,-6320,-10842,-16550,-25778,-29582,-23984,6887,25615,19883,14819,10015,3648,-5,5047,-422,-473,-576,-471,-437,-339,-15,-116,12.64562753,12.39391059,12.23950541,12.22492101,12.39014315,12.15752139,11.99344635,7.508760479,7.40737269,7.735911384,7.518000447,7.877999192,8.130848652,8.268327155,5.136867055,4.986537899,4.503594029,4.706920558,4.512143961,4.026672736,3.725119192,4.382861497,4.465864125,4.340371306,4.463618485,4.916293857,4.919123519,4.807679171,0.021665838,-1.077138544,-1.833845357,-2.780835156,-4.306811087,-4.919955098,-3.971870663,4.404527335,3.388725581,2.506525949,1.682783329,0.60948277,-0.000831579,0.835808507
40,1,1,25,Massachusetts,6547629,6547808,6564943,6612178,6659627,6711138,6757925,6794002,6823721,6859819,17135,47235,47449,51511,46787,36077,29719,36098,18646,73183,72220,72154,71948,71924,71218,71168,12288,54015,52422,54801,54734,57473,56892,57119,6358,19168,19798,17353,17214,14451,14326,14049,7501,34581,35894,37772,41343,44358,45519,45298,3535,-5826,-7583,-2932,-10777,-22158,-30118,-23089,11036,28755,28311,34840,30566,22200,15401,22209,-259,-688,-660,-682,-993,-574,-8,-160,11.10758564,10.88322199,10.79280056,10.68344546,10.61457902,10.45960474,10.40198662,8.198300676,7.899754404,8.197137561,8.127365653,8.481893387,8.355581913,8.348570618,2.909284964,2.983467584,2.595663001,2.556079811,2.132685632,2.104022824,2.053416002,5.248642704,5.409060787,5.649938504,6.138957105,6.546375287,6.685258615,6.620801342,-0.884259923,-1.142723239,-0.438568773,-1.600259795,-3.270088453,-4.423353302,-3.374711515,4.364382781,4.266337548,5.211369731,4.53869731,3.276286834,2.261905313,3.246089828
40,2,3,26,Michigan,9883640,9884129,9876731,9876199,9886610,9899219,9914675,9918170,9933445,9962311,-7398,-532,10411,12609,15456,3495,15275,28866,29110,113978,113078,113007,114522,113790,112806,112143,22100,89845,89053,92310,91830,96363,94038,93495,7010,24133,24025,20697,22692,17427,18768,18648,3825,17380,18942,19568,21480,23011,23371,23179,-18720,-42271,-32343,-27831,-28208,-36452,-26779,-12698,-14895,-24891,-13401,-8263,-6728,-13441,-3408,10481,487,226,-213,175,-508,-491,-85,-263,11.54036389,11.44351494,11.42302402,11.5597671,11.47490438,11.36491918,11.27305743,9.096878286,9.012180404,9.33092063,9.269253182,9.717516574,9.474090647,9.398486793,2.443485599,2.431334534,2.092103394,2.290513919,1.757387808,1.89082853,1.874570637,1.759738935,1.916933974,1.977981312,2.168175524,2.32049411,2.354569137,2.330044659,-4.279972642,-3.273117703,-2.813225567,-2.847294934,-3.675922441,-2.697916517,-1.276453129,-2.520233707,-1.356183729,-0.835244255,-0.67911941,-1.355428331,-0.34334738,1.05359153
40,2,4,27,Minnesota,5303925,5303924,5310711,5345967,5377695,5416074,5452649,5483238,5525050,5576606,6787,35256,31728,38379,36575,30589,41812,51556,17497,68367,68045,68968,69894,69708,69623,69233,9338,39984,39315,41322,40826,42949,41920,41854,8159,28383,28730,27646,29068,26759,27703,27379,2834,12345,12039,12499,14790,16204,16549,16460,-4063,-5269,-8787,-1396,-6695,-11889,-2360,7941,-1229,7076,3252,11103,8095,4315,14189,24401,-143,-203,-254,-370,-588,-485,-80,-224,12.83082777,12.69062751,12.77922476,12.86149256,12.74848579,12.64919668,12.47255364,7.504027052,7.332383285,7.656639678,7.512566104,7.854689793,7.616079812,7.540136354,5.326800716,5.358244227,5.122585077,5.348926456,4.893795995,5.033116866,4.93241729,2.316857092,2.24531508,2.315965813,2.721570878,2.963454176,3.006643722,2.965323372,-0.988863509,-1.638805848,-0.258667755,-1.231975458,-2.174309226,-0.428767852,1.430597381,1.327993583,0.606509232,2.057298058,1.48959542,0.78914495,2.57787587,4.395920753
40,3,6,28,Mississippi,2967297,2968103,2970437,2977452,2982963,2987721,2988578,2985297,2985415,2984100,2334,7015,5511,4758,857,-3281,118,-1315,9418,39746,39430,38505,38715,38578,37951,37373,6647,29130,29019,30636,30582,31502,30811,30875,2771,10616,10411,7869,8133,7076,7140,6498,476,1261,2250,1652,2014,2486,2286,2087,-1041,-5092,-7361,-4825,-9306,-12867,-9290,-9885,-565,-3831,-5111,-3173,-7292,-10381,-7004,-7798,128,230,211,62,16,24,-18,-15,13.36474168,13.23062236,12.89801972,12.95617907,12.91556988,12.71238673,12.52128523,9.795071831,9.737241451,10.26214082,10.2344277,10.54658827,10.32071217,10.34422394,3.569669844,3.493380914,2.635878904,2.721751372,2.368981607,2.391674561,2.177061286,0.424015983,0.754980987,0.553370435,0.673995729,0.832290599,0.765737822,0.699219283,-1.712204111,-2.469962243,-1.616230234,-3.114302012,-4.307756691,-3.111856676,-3.31182684,-1.288188129,-1.714981255,-1.0628598,-2.440306283,-3.475466092,-2.346118855,-2.612607557
40,2,4,29,Missouri,5988927,5988925,5995681,6010280,6023267,6041142,6058014,6072640,6091176,6113532,6756,14599,12987,17875,16872,14626,18536,22356,19016,76247,75431,75169,75776,75142,74449,73790,13178,55981,55635,57582,57137,60055,58586,58382,5838,20266,19796,17587,18639,15087,15863,15408,1634,6611,7858,6892,7486,8390,8262,8076,-538,-12093,-14455,-6343,-8876,-8450,-5570,-1050,1096,-5482,-6597,549,-1390,-60,2692,7026,-178,-185,-212,-261,-377,-401,-19,-78,12.70152385,12.5367857,12.46128178,12.52583238,12.3887797,12.24105988,12.09205497,9.325534208,9.246650219,9.545763908,9.444791025,9.901362284,9.632832328,9.567127702,3.375989644,3.290135485,2.915517868,3.081041355,2.487417414,2.60822755,2.524927266,1.101286269,1.306015591,1.14253421,1.237441686,1.383272493,1.358455274,1.323423715,-2.014499297,-2.402450416,-1.051522706,-1.467209779,-1.393164787,-0.915831019,-0.172064747,-0.913213028,-1.096434825,0.091011503,-0.229768093,-0.009892294,0.442624255,1.151358967
40,4,8,30,Montana,989415,989414,990507,996866,1003522,1011921,1019931,1028317,1038656,1050493,1093,6359,6656,8399,8010,8386,10339,11837,3067,12005,12035,12205,12384,12578,12579,12509,2392,9126,8954,9443,9385,9683,9641,9665,675,2879,3081,2762,2999,2895,2938,2844,133,310,436,247,319,401,361,296,302,3162,3104,5349,4641,5039,7041,8666,435,3472,3540,5596,4960,5440,7402,8962,-17,8,35,41,51,51,-1,31,12.08127513,12.03266566,12.1114812,12.18986422,12.28171589,12.17142169,11.97521096,9.183983077,8.952263261,9.370644568,9.237877562,9.454909757,9.328617258,9.252571262,2.897292053,3.080402402,2.74083663,2.95198666,2.826806129,2.84280443,2.722639697,0.31196962,0.435915432,0.245107403,0.313999248,0.391554148,0.349303063,0.28336897,3.182090126,3.103397941,5.308014169,4.568246112,4.92030262,6.812861126,8.296200989,3.494059746,3.539313373,5.553121572,4.88224536,5.311856767,7.162164189,8.579569959
40,2,4,31,Nebraska,1826341,1826327,1829956,1841641,1854862,1867414,1880920,1893564,1907603,1920076,3629,11685,13221,12552,13506,12644,14039,12473,6514,25727,25763,26021,26468,26859,26442,26449,3655,15620,15217,16174,15707,16575,15506,15289,2859,10107,10546,9847,10761,10284,10936,11160,698,2842,3634,3647,4436,4971,4966,4853,146,-1225,-883,-872,-1631,-2494,-1837,-3493,844,1617,2751,2775,2805,2477,3129,1360,-74,-39,-76,-70,-60,-117,-26,-47,14.01406527,13.9391203,13.98123084,14.12254084,14.23187911,13.91256948,13.81986316,8.508559082,8.23318688,8.690381906,8.380789972,8.782657444,8.158547099,7.988653176,5.505506187,5.705933419,5.290848932,5.741750869,5.449221668,5.754022383,5.831209984,1.548100186,1.966182633,1.959553778,2.36691821,2.634002423,2.612881781,2.535740327,-0.667284563,-0.477748835,-0.468530544,-0.870253291,-1.321505138,-0.966545274,-1.825126924,0.880815623,1.488433798,1.491023234,1.496664918,1.312497284,1.646336507,0.710613403
40,4,8,32,Nevada,2700551,2700691,2702797,2718170,2752410,2786547,2831730,2883057,2939254,2998039,2106,15373,34240,34137,45183,51327,56197,58785,8892,35847,34702,35089,35226,36231,36537,36657,4944,20192,20406,21256,21263,22466,23949,24237,3948,15655,14296,13833,13963,13765,12588,12420,1310,6185,6102,6256,6926,8096,8160,7957,-3059,-6229,13675,14025,23938,29150,35404,38227,-1749,-44,19777,20281,30864,37246,43564,46184,-93,-238,167,23,356,316,45,181,13.22531571,12.68677179,12.66989435,12.53978755,12.67973767,12.55068649,12.34805155,7.449593403,7.460269295,7.675091177,7.569224515,7.86241027,8.226630285,8.16432674,5.775722302,5.226502492,4.994803173,4.970563039,4.8173274,4.324056204,4.183724805,2.281880705,2.230842068,2.258909033,2.465524573,2.833351444,2.803010695,2.680346077,-2.298113971,4.999469892,5.064130305,8.521473754,10.20160506,12.16149395,12.87691209,-0.016233266,7.23031196,7.323039338,10.98699833,13.03495651,14.96450464,15.55725817
40,1,1,33,New Hampshire,1316470,1316460,1316700,1318345,1320923,1322622,1328684,1330134,1335015,1342795,240,1645,2578,1699,6062,1450,4881,7780,3265,12994,12372,12595,12222,12380,12455,12459,2517,10737,10507,10872,11097,11919,11609,11559,748,2257,1865,1723,1125,461,846,900,379,1523,1666,1792,2080,2263,2271,2236,-812,-2054,-831,-1711,2949,-1130,1777,4687,-433,-531,835,81,5029,1133,4048,6923,-75,-81,-122,-105,-92,-144,-13,-43,9.862450167,9.375326795,9.52887127,9.219607243,9.312408747,9.346569366,9.305365205,8.149386443,7.962056146,8.225318654,8.370968874,8.965638114,8.711708051,8.633174124,1.713063724,1.413270649,1.303552616,0.848638369,0.346770633,0.634861315,0.672191082,1.155957488,1.262471261,1.355755245,1.569038051,1.702260177,1.704219914,1.670021398,-1.558986659,-0.629720059,-1.294473898,2.224564045,-0.850001768,1.333508933,3.500621777,-0.40302917,0.632751202,0.061281348,3.793602097,0.85225841,3.037728847,5.170643175
40,1,2,34,New Jersey,8791894,8791953,8803708,8844694,8882095,8913735,8943010,8960001,8978416,9005644,11755,40986,37401,31640,29275,16991,18415,27228,26544,106675,104517,103462,103319,103122,102397,101625,17089,71061,69047,72467,70480,72483,73194,74111,9455,35614,35470,30995,32839,30639,29203,27514,11318,48154,47916,48052,51314,55973,57282,56942,-8788,-42855,-45861,-47379,-55019,-69847,-68137,-57274,2530,5299,2055,673,-3705,-13874,-10855,-332,-230,73,-124,-28,141,226,67,46,12.08891321,11.79198331,11.62766783,11.57198582,11.52007336,11.41650347,11.30167493,8.052967062,7.790130519,8.144267505,7.893935877,8.097297153,8.160586299,8.241854175,4.035946144,4.001852789,3.483400325,3.678049947,3.422776202,3.255917175,3.059820752,5.45703798,5.406055208,5.400366266,5.74729605,6.252914663,6.386516714,6.332496667,-4.856530353,-5.174202728,-5.324730569,-6.162265295,-7.802821548,-7.596768433,-6.369418251,0.600507627,0.23185248,0.075635697,-0.414969246,-1.549906884,-1.210251718,-0.036921585
40,4,8,35,New Mexico,2059179,2059207,2064607,2077744,2083590,2085161,2083207,2082264,2085432,2088070,5400,13137,5846,1571,-1954,-943,3168,2638,6645,27800,27047,26731,26368,26051,25335,25209,3808,16383,16458,16797,17133,17651,18025,17861,2837,11417,10589,9934,9235,8400,7310,7348,425,1511,2483,2048,2429,3072,2971,2771,2050,254,-7141,-10463,-13680,-12406,-7080,-7437,2475,1765,-4658,-8415,-11251,-9334,-4109,-4666,88,-45,-85,52,62,-9,-33,-44,13.42232949,12.99919689,12.82446469,12.65147415,12.50806932,12.15779654,12.08050218,7.910000867,7.909963488,8.058528802,8.220483412,8.474911961,8.649863138,8.55923874,5.512328627,5.089233405,4.765935888,4.430990738,4.033157355,3.5079334,3.521263438,0.729537405,1.193367319,0.98254849,1.165444126,1.474983261,1.425727788,1.327901604,0.122635672,-3.432072504,-5.019728931,-6.563719902,-5.956589303,-3.397560667,-3.563913471,0.852173078,-2.238705184,-4.037180441,-5.398275776,-4.481606042,-1.971832878,-2.236011867
40,1,2,36,New York,19378102,19378110,19405185,19526372,19625409,19712514,19773580,19819347,19836286,19849399,27075,121187,99037,87105,61066,45767,16939,13113,61419,243111,239922,239872,237032,239354,234754,232766,35116,149748,146899,152560,148769,153835,156143,159676,26303,93363,93023,87312,88263,85519,78611,73090,23984,110909,112960,113188,118272,128633,131213,130411,-22328,-82689,-106645,-112882,-145416,-168627,-192976,-190508,1656,28220,6315,306,-27144,-39994,-61763,-60097,-884,-396,-301,-513,-53,242,91,120,12.48914859,12.25599418,12.19545831,12.00584692,12.0907454,11.83962944,11.73047662,7.692885235,7.504077528,7.756383071,7.535260388,7.770832402,7.874946795,8.047032576,4.79626335,4.75191665,4.43907524,4.470586531,4.319912999,3.964682647,3.683444043,5.697640092,5.770363295,5.754650544,5.990564678,6.497776737,6.617622268,6.572193475,-4.247916414,-5.447772606,-5.739093038,-7.365428447,-8.518036567,-9.732589567,-9.600842218,1.449723678,0.322590689,0.015557507,-1.374863768,-2.020259831,-3.114967299,-3.028648743
40,3,5,37,North Carolina,9535483,9535721,9574247,9662940,9755299,9849812,9941160,10041769,10156689,10273419,38526,88693,92359,94513,91348,100609,114920,116730,29915,121036,119573,119380,120193,120833,120998,120525,18670,79942,79507,84315,83489,88441,89611,90129,11245,41094,40066,35065,36704,32392,31387,30396,4633,16028,21966,19089,19567,23327,21856,20162,20545,30919,29716,39786,34452,44504,61658,66051,25178,46947,51682,58875,54019,67831,83514,86213,2103,652,611,573,625,386,19,121,12.58354457,12.3155349,12.17845693,12.14624527,12.09362251,11.98091458,11.79876289,8.311194355,8.188899107,8.601328501,8.437079291,8.85165533,8.873053577,8.823154533,4.272350214,4.126635788,3.577128434,3.709165977,3.241967181,3.107861006,2.975608352,1.666355897,2.262409068,1.947349342,1.977366246,2.334692777,2.164125598,1.973753639,3.214503243,3.060627691,4.05873754,3.481587463,4.454201884,6.105218527,6.466045113,4.88085914,5.323036759,6.006086882,5.458953709,6.788894661,8.269344125,8.439798752
40,2,4,38,North Dakota,672591,672585,674518,684830,701380,722908,738658,754859,755548,755393,1933,10312,16550,21528,15750,16201,689,-155,2338,9211,9873,10250,10980,11404,11282,11064,1494,6053,5935,6226,6205,6339,5918,6086,844,3158,3938,4024,4775,5065,5364,4978,237,781,1451,1201,1497,1683,1614,1489,802,6144,10843,15878,9194,9271,-6301,-6653,1039,6925,12294,17079,10691,10954,-4687,-5164,50,229,318,425,284,182,12,31,13.55208526,14.24459498,14.39315644,15.02498006,15.27133605,14.93901975,14.64517807,8.905740105,8.562916153,8.742613853,8.490892645,8.48868811,7.836298428,8.055906882,4.64634516,5.681678822,5.650542587,6.53408741,6.782647938,7.10272132,6.589271189,1.149080294,2.0934779,1.686456672,2.048487718,2.253740667,2.137172299,1.970957172,9.039627822,15.64409433,22.29605248,12.58102611,12.41499092,-8.343446502,-8.806432548,10.18870812,17.73757223,23.98250916,14.62951382,14.66873159,-6.206274203,-6.835475376
40,2,3,39,Ohio,11536504,11536730,11539282,11543332,11546969,11567845,11593741,11606027,11622554,11658609,2552,4050,3637,20876,25896,12286,16527,36055,34809,137928,137680,139090,139558,139546,138074,137396,26563,110661,111408,114529,111900,118279,115889,114938,8246,27267,26272,24561,27658,21267,22185,22458,3412,14751,16027,16870,20395,22020,22367,22131,-8732,-37896,-38359,-19962,-21253,-30317,-27891,-8205,-5320,-23145,-22332,-3092,-858,-8297,-5524,13926,-374,-72,-303,-593,-904,-684,-134,-329,11.95081285,11.92535342,12.0347064,12.05081552,12.02994789,11.88828538,11.80319042,9.588255472,9.649765934,9.909575738,9.662550742,10.19656748,9.97813857,9.873905354,2.362557378,2.275587486,2.125130663,2.388264776,1.833380403,1.910146814,1.929285062,1.278104811,1.388201912,1.459669976,1.761105651,1.898294845,1.925817165,1.901193682,-3.283510264,-3.322520568,-1.727204035,-1.835193842,-2.613560618,-2.401438125,-0.704861694,-2.005405454,-1.934318656,-0.267534058,-0.074088191,-0.715265773,-0.47562096,1.196331987
40,3,7,40,Oklahoma,3751351,3751598,3759529,3785232,3815298,3849840,3875008,3904353,3921207,3930864,7931,25703,30066,34542,25168,29345,16854,9657,13148,52554,52346,53345,53078,53527,52735,52280,8176,37662,36955,38627,38629,39737,39431,39416,4972,14892,15391,14718,14449,13790,13304,12864,1102,4297,6159,5848,6523,7640,7581,7322,1526,6546,8426,13793,4327,7975,-3998,-10470,2628,10843,14585,19641,10850,15615,3583,-3148,331,-32,90,183,-131,-60,-33,-59,13.9312564,13.77430258,13.91886226,13.74214742,13.76128451,13.47762972,13.31623211,9.983616446,9.724321857,10.07861828,10.00123239,10.21600617,10.07748966,10.03964432,3.947639958,4.049980725,3.840243972,3.740915032,3.545278333,3.400140054,3.276587795,1.139068554,1.620676453,1.525869463,1.688835819,1.964171607,1.937497125,1.864985683,1.735243833,2.2172138,3.598891501,1.120280943,2.050296933,-1.021779911,-2.666812361,2.874312387,3.837890252,5.124760963,2.809116762,4.014468541,0.915717214,-0.801826677
40,4,9,41,Oregon,3831074,3831072,3837073,3865845,3893920,3919664,3960673,4016537,4085989,4142776,6001,28772,28075,25744,41009,55864,69452,56787,11880,45394,44913,44990,45473,45681,46012,46551,7803,32517,32942,33422,33819,35359,35591,35527,4077,12877,11971,11568,11654,10322,10421,11024,1163,5043,5015,5202,6713,7717,7748,7712,979,10882,11158,9042,22499,37479,51238,37975,2142,15925,16173,14244,29212,45196,58986,45687,-218,-30,-69,-68,143,346,45,76,11.78618285,11.57586602,11.51584215,11.540877,11.45287638,11.35744581,11.31421301,8.442774543,8.490463307,8.554844998,8.583135467,8.865004181,8.785161566,8.634831594,3.343408303,3.085402715,2.960997156,2.957741528,2.587872201,2.572284248,2.679381414,1.309373928,1.292564917,1.331527248,1.703734244,1.934761652,1.912490006,1.874400351,2.825422781,2.875860287,2.314430868,5.710161888,9.396518332,12.64741391,9.229817597,4.13479671,4.168425204,3.645958116,7.413896132,11.33127998,14.55990391,11.10421795
40,1,2,42,Pennsylvania,12702379,12702857,12711063,12742811,12768034,12778450,12790341,12791124,12787085,12805537,8206,31748,25223,10416,11891,783,-4039,18452,36114,142966,142112,141828,142213,141908,139732,138818,30123,127770,125499,130744,126592,132675,131083,131458,5991,15196,16613,11084,15621,9233,8649,7360,5326,26076,28359,29964,33953,36233,37570,37389,-1704,-8305,-18480,-29853,-36411,-43782,-50098,-25793,3622,17771,9879,111,-2458,-7549,-12528,11596,-1407,-1219,-1269,-779,-1272,-901,-160,-504,11.23333918,11.14130089,11.10352407,11.12395185,11.09459525,10.92586271,10.84828276,10.03933625,9.838874408,10.23577256,9.902071631,10.37274449,10.24958393,10.27311699,1.194002925,1.302426478,0.867751507,1.221880221,0.721850762,0.676278781,0.575165765,2.048882618,2.223289742,2.345841408,2.655815834,2.832754105,2.937656816,2.921857714,-0.652552928,-1.4487956,-2.337151367,-2.848081476,-3.422947044,-3.917240648,-2.015659044,1.39632969,0.774494142,0.008690041,-0.192265641,-0.590192939,-0.979583832,0.906198669
40,1,1,44,Rhode Island,1052567,1052945,1053169,1052154,1052761,1052784,1054782,1055916,1057566,1059639,224,-1015,607,23,1998,1134,1650,2073,2873,11003,11009,10869,10725,10876,11043,10915,2337,9764,9321,9639,9706,10085,9947,9760,536,1239,1688,1230,1019,791,1096,1155,913,4014,3992,3953,4403,4841,4882,4798,-1177,-6299,-5036,-5153,-3318,-4452,-4326,-3854,-264,-2285,-1044,-1200,1085,389,556,944,-48,31,-37,-7,-106,-46,-2,-26,10.45255289,10.46027987,10.32416785,10.17761721,10.30559559,10.45005351,10.31076348,9.275536343,8.85641463,9.155824264,9.210624958,9.5560805,9.412902499,9.219702391,1.177016543,1.603865239,1.168343588,0.966992256,0.749515089,1.037151014,1.091061092,3.81319161,3.793027272,3.75484732,4.178279589,4.587108151,4.619864281,4.532390581,-5.983879908,-4.784991318,-4.894694723,-3.148655843,-4.218509706,-4.093718328,-3.640648874,-2.170688298,-0.991964046,-1.139847403,1.029623746,0.368598445,0.526145953,0.891741707
40,3,5,45,South Carolina,4625364,4625381,4635834,4672744,4719009,4765862,4824758,4892423,4959822,5024369,10453,36910,46265,46853,58896,67665,67399,64547,14180,57475,57521,56559,57286,58279,57899,57996,9674,42034,42074,44667,44520,46819,47816,48071,4506,15441,15447,11892,12766,11460,10083,9925,1363,4325,6115,4843,5320,6603,5992,5447,4465,16887,24335,29721,40125,48970,51263,49015,5828,21212,30450,34564,45445,55573,57255,54462,119,257,368,397,685,632,61,160,12.34882492,12.24925741,11.9261506,11.94625582,11.9950426,11.7534633,11.61756621,9.031239788,8.959775667,9.418578281,9.284071311,9.63633383,9.706620166,9.629423155,3.317585135,3.28948174,2.507572322,2.662184509,2.358708765,2.046843131,1.988143055,0.929250418,1.302206308,1.021205244,1.109417327,1.359036124,1.216372512,1.091124959,3.628266315,5.182206133,6.267033047,8.367550794,10.07905482,10.40635916,9.818522102,4.557516734,6.484412441,7.28823829,9.476968121,11.43809094,11.62273167,10.90964706
40,2,4,46,South Dakota,814180,814197,816227,823338,832576,842513,849455,854036,861542,869666,2030,7111,9238,9937,6942,4581,7506,8124,3032,11797,11890,12058,12439,12255,12247,12154,1928,7295,7434,7287,7171,7756,7321,7275,1104,4502,4456,4771,5268,4499,4926,4879,234,1035,1338,1235,1193,1340,1321,1273,676,1556,3367,3843,409,-1219,1282,1976,910,2591,4705,5078,1602,121,2603,3249,16,18,77,88,72,-39,-23,-4,14.39040233,14.36064916,14.39684697,14.70358778,14.38810067,14.27740388,14.04106266,8.89870179,8.978727156,8.700433231,8.476519651,9.10600643,8.534732901,8.404536023,5.491700543,5.381922008,5.696413743,6.227068124,5.282094241,5.742670983,5.636526633,1.26253,1.616025953,1.474548517,1.410192155,1.573239894,1.540005759,1.470649396,1.898064426,4.066636311,4.588412914,0.48346068,-1.43117868,1.494540033,2.282799063,3.160594426,5.682662264,6.062961431,1.893652835,0.142061214,3.034545792,3.753448459
40,3,6,47,Tennessee,6346105,6346295,6355882,6396281,6450632,6490795,6540007,6590726,6649404,6715984,9587,40399,54351,40163,49212,50719,58678,66580,19659,78617,80309,80283,80449,81878,81622,81419,14309,60206,60636,63501,63552,66111,65992,65544,5350,18411,19673,16782,16897,15767,15630,15875,1588,6997,8348,7907,9394,10915,10794,10469,2827,14985,26104,15128,22632,23943,32274,40232,4415,21982,34452,23035,32026,34858,43068,50701,-178,6,226,346,289,94,-20,4,12.32998669,12.50245876,12.40713254,12.34751322,12.4712002,12.32948619,12.18355951,9.442476543,9.439777478,9.813600927,9.754119509,10.06965872,9.968482183,9.808020538,2.887510142,3.062681284,2.59353161,2.593393714,2.401541483,2.361004008,2.375538967,1.09738246,1.299611821,1.221967253,1.441814556,1.66251191,1.630497586,1.566583776,2.350189533,4.063855652,2.337918376,3.473615822,3.646864193,4.875178718,6.020326533,3.447571992,5.363467473,3.559885629,4.915430378,5.309376103,6.505676304,7.586910309
40,3,7,48,Texas,25145561,25146100,25241648,25644424,26078327,26479279,26954436,27454880,27904862,28304596,95548,402776,433903,400952,475157,500444,449982,399734,92761,381743,378110,384418,394327,402275,404224,404311,40960,168092,169146,178623,180786,187895,192203,194621,51801,213651,208964,205795,213541,214380,212021,209690,14596,70535,76954,82449,95661,110155,111983,110417,27953,117615,145513,110614,163160,174200,125800,79163,42549,188150,222467,193063,258821,284355,237783,189580,1198,975,2472,2094,2795,1709,178,464,15.00383052,14.62064537,14.62844407,14.75948285,14.78698979,14.60353627,14.38587079,6.606601508,6.540487377,6.797227408,6.76673894,6.906721636,6.943782361,6.92484884,8.39722901,8.080157995,7.831216665,7.992743907,7.880268151,7.659753906,7.461021951,2.772271359,2.975634455,3.137471673,3.580548349,4.049122764,4.045647467,3.928769425,4.622679463,5.62665354,4.209248039,6.107005661,6.403315197,4.544818869,2.816714582,7.394950823,8.602287995,7.346719712,9.68755401,10.45243796,8.590466336,6.745484007
40,4,8,49,Utah,2763885,2763889,2775260,2815430,2854222,2899961,2938671,2984917,3044321,3101833,11371,40170,38792,45739,38710,46246,59404,57512,13753,51925,50447,51852,50830,51014,51082,51461,3690,15005,15474,16278,16282,17239,16933,16575,10063,36920,34973,35574,34548,33775,34149,34886,907,3994,4510,4580,4404,5110,5090,5019,462,-599,-614,5664,-50,7584,20147,17568,1369,3395,3896,10244,4354,12694,25237,22587,-61,-145,-77,-79,-192,-223,18,39,18.57552467,17.79544847,18.02236738,17.41161286,17.22402031,16.94476151,16.74575678,5.367852626,5.45853608,5.657797119,5.577333869,5.820458817,5.616961878,5.393616886,13.20767204,12.33691239,12.36457026,11.83427899,11.40356149,11.32779963,11.35213989,1.428803958,1.590926568,1.591885416,1.508572556,1.725305676,1.688438904,1.63321648,-0.21428482,-0.216591777,1.968654803,-0.0171273,2.560610225,6.683099921,5.716745789,1.214519138,1.374334792,3.560540219,1.491445256,4.285915901,8.371538825,7.349962269
40,1,1,50,Vermont,625741,625741,625842,626210,625606,626044,625665,624455,623354,623657,101,368,-604,438,-379,-1210,-1101,303,1659,6053,6087,5978,6118,5975,5849,5807,1331,5431,5456,5559,5606,5934,5618,5497,328,622,631,419,512,41,231,310,54,433,518,702,849,927,936,933,-220,-642,-1717,-620,-1671,-2135,-2256,-918,-166,-209,-1199,82,-822,-1208,-1320,15,-61,-45,-36,-63,-69,-43,-12,-22,9.668927489,9.725071416,9.552191108,9.775435025,9.559082328,9.374832206,9.31347037,8.675358531,8.716936035,8.882674869,8.957353506,9.493488625,9.004583234,8.816281492,0.993568957,1.008135381,0.669516239,0.818081519,0.065593703,0.370248972,0.497188878,0.691664564,0.827597666,1.121719331,1.356545331,1.483057627,1.500229602,1.496378139,-1.025516512,-2.743214658,-0.990692286,-2.669949645,-3.415672095,-3.615938016,-1.472320613,-0.333851949,-1.915616992,0.131027044,-1.313404314,-1.932614469,-2.115708414,0.024057526
40,3,5,51,Virginia,8001024,8001043,8025206,8107548,8188656,8261689,8316902,8366767,8414380,8470020,24163,82342,81108,73033,55213,49865,47613,55640,25715,102345,102756,102537,102591,103238,103019,101515,14675,60446,60211,63427,62637,65496,65725,66786,11040,41899,42545,39110,39954,37742,37294,34729,7343,27426,34129,31099,32299,36467,35114,33365,5441,12830,4293,2876,-17270,-24462,-24813,-12395,12784,40256,38422,33975,15029,12005,10301,20970,339,187,141,-52,230,118,18,-59,12.6878523,12.61103506,12.46624311,12.37632318,12.37593481,12.27794501,12.0247092,7.493574873,7.38957367,7.711327635,7.55637195,7.85151036,7.833195192,7.910971074,5.194277431,5.221461391,4.754915474,4.819951225,4.524424454,4.444749814,4.113738125,3.400039448,4.188582814,3.780954138,3.896471057,4.371580376,4.184934439,3.952168866,1.590552983,0.526871166,0.34965832,-2.083409863,-2.932448492,-2.957247201,-1.468219185,4.990592431,4.715453979,4.130612458,1.813061194,1.439131884,1.227687237,2.483949681
40,4,9,53,Washington,6724540,6724545,6741386,6819155,6890899,6963410,7046931,7152818,7280934,7405743,16841,77769,71744,72511,83521,105887,128116,124809,22236,86679,86720,87236,87392,88771,89908,90459,11825,49850,49450,51329,51281,53772,55958,56457,10411,36829,37270,35907,36111,34999,33950,34002,4446,18918,22359,21916,24623,27642,26967,25984,2289,22022,12360,14667,22952,43095,67088,64579,6735,40940,34719,36583,47575,70737,94055,90563,-305,0,-245,21,-165,151,111,244,12.78400323,12.65057016,12.59333829,12.4753566,12.50317875,12.458022,12.31851153,7.352214045,7.213684206,7.409824626,7.320449945,7.573654999,7.753770468,7.688192503,5.431789189,5.436885953,5.183513664,5.154906651,4.929523754,4.704251535,4.63031903,2.790154169,3.261693936,3.16378103,3.514975117,3.893308255,3.736658355,3.538445082,3.247953013,1.803056356,2.117319601,3.276437026,6.0698256,9.295989012,8.794228946,6.038107182,5.064750292,5.281100631,6.791412143,9.963133855,13.03264737,12.33267403
40,3,5,54,West Virginia,1852994,1853006,1854315,1854891,1855360,1852333,1847624,1839767,1828637,1815857,1309,576,469,-3027,-4709,-7857,-11130,-12780,5104,20466,20677,20926,20572,20089,19431,19098,5230,21909,21490,22255,21671,22781,22404,22227,-126,-1443,-813,-1329,-1099,-2692,-2973,-3129,180,607,632,518,759,857,871,867,1314,1482,759,-2131,-4333,-5963,-9001,-10507,1494,2089,1391,-1613,-3574,-5106,-8130,-9640,-59,-70,-109,-85,-36,-59,-27,-11,11.03524582,11.14587665,11.28788171,11.12012923,10.89605089,10.59370778,10.48046725,11.81330991,11.58412194,12.00476954,11.71419019,12.35616185,12.21457615,12.19757805,-0.778064092,-0.438245283,-0.716887833,-0.594060958,-1.460110957,-1.620868367,-1.717110798,0.327293766,0.34067776,0.279419035,0.410275038,0.464827299,0.474865909,0.475786213,0.799092852,0.40913674,-1.14950186,-2.342189382,-3.234265094,-4.90731119,-5.765958182,1.126386618,0.7498145,-0.870082825,-1.931914344,-2.769437795,-4.432445281,-5.290171969
40,2,3,55,Wisconsin,5686986,5687288,5690403,5705812,5721075,5736673,5751272,5759744,5772917,5795483,3115,15409,15263,15598,14599,8472,13173,22566,17551,67790,67653,66891,67069,67151,66409,66012,11757,48485,47889,50047,49323,51267,50039,49431,5794,19305,19764,16844,17746,15884,16370,16581,1108,5337,6084,6435,7332,8091,8301,8268,-3459,-9001,-10314,-7301,-10008,-15130,-11439,-2086,-2351,-3664,-4230,-866,-2676,-7039,-3138,6182,-328,-232,-271,-380,-471,-373,-59,-197,11.89693245,11.84102022,11.67611646,11.67641384,11.66725856,11.51668292,11.41246845,8.508965477,8.381810374,8.735922626,8.58691437,8.907467421,8.677789107,8.545866326,3.38796697,3.459209844,2.940193832,3.089499471,2.759791143,2.838893816,2.866602123,0.936626766,1.064856947,1.12325738,1.276468507,1.405783816,1.439563688,1.429411155,-1.579647278,-1.805216066,-1.274421466,-1.742348175,-2.628786199,-1.983757261,-0.360637599,-0.643020512,-0.74035912,-0.151164086,-0.465879668,-1.223002383,-0.544193573,1.068773556
40,4,8,56,Wyoming,563626,563767,564376,567602,576608,582341,583334,586102,584910,579315,609,3226,9006,5733,993,2768,-1192,-5595,1994,7472,7438,7515,7708,7798,7633,7513,1291,4450,4379,4616,4536,4839,4653,4847,703,3022,3059,2899,3172,2959,2980,2666,75,252,421,353,319,434,381,328,-235,-61,5368,2395,-2528,-609,-4555,-8613,-160,191,5789,2748,-2209,-175,-4174,-8285,66,13,158,86,30,-16,2,24,13.20167,13.00110994,12.96864659,13.2249555,13.33634333,13.03658716,12.90643991,7.862343615,7.654189353,7.965838014,7.782615223,8.275784224,7.946972362,8.326569177,5.339326383,5.346920583,5.002808579,5.442340275,5.060559107,5.089614795,4.57987073,0.445238335,0.735878903,0.609172621,0.547322367,0.742238139,0.650719207,0.563464966,-0.107775946,9.382893,4.133055035,-4.337401077,-1.041527711,-7.779595768,-14.796109,0.337462389,10.1187719,4.742227656,-3.79007871,-0.299289572,-7.128876561,-14.23264403
40,X,X,72,Puerto Rico,3725789,3726157,3721525,3678732,3634488,3593077,3534874,3473177,3406520,3337177,-4632,-42793,-44244,-41411,-58203,-61697,-66657,-69343,9603,41243,40282,37871,35717,32966,30104,28267,7138,30260,29742,29399,28831,29906,28483,29332,2465,10983,10540,8472,6886,3060,1621,-1065,-7097,-53776,-54784,-49883,-65089,-64757,-68278,-68278,0,0,0,0,0,0,0,0,-7097,-53776,-54784,-49883,-65089,-64757,-68278,-68278,0,0,0,0,0,0,0,0,11.14636965,11.01621447,10.47960136,10.02167383,9.408036557,8.751548215,8.383235486,8.178094355,8.13376324,8.135243336,8.089561783,8.534755241,8.280306531,8.699085976,2.968275291,2.882451232,2.344358024,1.932112047,0.873281316,0.471241684,-0.31585049,-14.53354931,-14.98218295,-13.80354241,-18.26303239,-18.4807445,-19.84912998,-20.24942698,0,0,0,0,0,0,0,-14.53354931,-14.98218295,-13.80354241,-18.26303239,-18.4807445,-19.84912998,-20.24942698
,,,,,,,,,,,,,,,,,,,,,,,,,,,,,,,,,,,,,,,,,,,,,,,,,,,,,,,,,,,,,,,,,,,,,,,,,,,,,,,,,,,,,,,,,,,,,,,,,,,,,,,,,,,,,,,,,,,,,,,,
,,,,,,,,,,,,,,,,,,,,,,,,,,,,,,,,,,,,,,,,,,,,,,,,,,,,,,,,,,,,,,,,,,,,,,,,,,,,,,,,,,,,,,,,,,,,,,,,,,,,,,,,,,,,,,,,,,,,,,,,
